id,stage,spoke,act,text,source,workstream,psych_axis
1,refusal,3,departure,I keep waiting for the perfect moment to start.,core,core,fear_vs_action
2,refusal,3,departure,"I tell myself I'm not ready yet, even though I have enough to begin.",core,core,fear_vs_action
3,refusal,3,departure,I delay because starting would make my intentions real.,core,core,fear_vs_action
4,refusal,3,departure,I hide behind planning so I don't have to risk failure.,core,core,fear_vs_action
5,refusal,3,departure,I keep polishing instead of publishing.,core,core,image_vs_integrity
6,refusal,3,departure,I avoid the next step because it might expose what I actually want.,core,core,fear_vs_action
7,refusal,3,departure,I pretend I'm busy when I'm really afraid.,core,core,fear_vs_action
8,refusal,3,departure,I numb out instead of choosing a direction.,core,core,numbness_vs_presence
9,refusal,3,departure,I overthink until the moment passes.,core,core,fear_vs_action
10,refusal,3,departure,I wait for external permission instead of committing.,core,core,control_vs_autonomy
11,call,2,departure,Something in me knows the current way of living isn't enough.,core,core,comfort_vs_truth
12,call,2,departure,"I feel a pull toward a truer life, even if I can't explain it.",core,core,comfort_vs_truth
13,call,2,departure,A new possibility appears and I can't unsee it.,core,core,practice_vs_fantasy
14,call,2,departure,I sense a mission forming: build something that matters.,core,core,ego_vs_service
15,call,2,departure,I get a signal—an invitation to level up.,core,core,practice_vs_fantasy
16,call,2,departure,I feel the discomfort that precedes change.,core,core,comfort_vs_truth
17,call,2,departure,I notice a repeating pattern and decide it ends here.,core,core,projection_vs_ownership
18,call,2,departure,I see a path where my skills and values align.,core,core,image_vs_integrity
19,call,2,departure,I realize the cost of staying the same is higher than changing.,core,core,comfort_vs_truth
20,call,2,departure,I feel a quiet certainty: it's time.,core,core,certainty_vs_trust
21,threshold,5,departure,I take one step even while afraid.,core,core,fear_vs_action
22,threshold,5,departure,I choose action over reassurance.,core,core,certainty_vs_trust
23,threshold,5,departure,"I send the message, ship the commit, make the call.",core,core,fear_vs_action
24,threshold,5,departure,I cross the line from thinking to doing.,core,core,fear_vs_action
25,threshold,5,departure,I stop negotiating with my fear and move anyway.,core,core,fear_vs_action
26,threshold,5,departure,I make the first uncomfortable move and survive it.,core,core,fear_vs_action
27,threshold,5,departure,I accept that imperfect action is the entrance fee.,core,core,comfort_vs_truth
28,threshold,5,departure,I begin before confidence arrives.,core,core,fear_vs_action
29,threshold,5,departure,I commit publicly so I can't retreat easily.,core,core,control_vs_autonomy
30,threshold,5,departure,I let momentum replace motivation.,core,core,practice_vs_fantasy
31,tests,6,initiation,"I hit friction and treat it as feedback, not failure.",core,core,practice_vs_fantasy
32,tests,6,initiation,I learn by breaking things and fixing them.,core,core,practice_vs_fantasy
33,tests,6,initiation,I keep iterating instead of quitting.,core,core,practice_vs_fantasy
34,tests,6,initiation,I notice old triggers and practice staying present anyway.,core,core,practice_vs_fantasy
35,tests,6,initiation,"I refine the system: smaller steps, clearer inputs.",core,core,practice_vs_fantasy
36,tests,6,initiation,I get rejected and stay on the path.,core,core,practice_vs_fantasy
37,tests,6,initiation,I feel resistance and choose discipline.,core,core,practice_vs_fantasy
38,tests,6,initiation,I stop chasing novelty and do the boring reps.,core,core,practice_vs_fantasy
39,tests,6,initiation,"I test assumptions with reality, not mood.",core,core,practice_vs_fantasy
40,tests,6,initiation,I build stamina for uncertainty.,core,core,practice_vs_fantasy
41,allies,6,initiation,I find people who make the path clearer.,core,core,mentorship_vs_dependence
42,allies,6,initiation,I ask for help without collapsing my self-respect.,core,core,mentorship_vs_dependence
43,allies,6,initiation,I learn from mentors but keep my own compass.,core,core,mentorship_vs_dependence
44,allies,6,initiation,I let supportive people amplify my momentum.,core,core,mentorship_vs_dependence
45,allies,6,initiation,I collaborate without surrendering my agency.,core,core,mentorship_vs_dependence
46,allies,6,initiation,I accept guidance while owning the decisions.,core,core,mentorship_vs_dependence
47,allies,6,initiation,I join a community that raises my standards.,core,core,mentorship_vs_dependence
48,allies,6,initiation,I build tools that help me think better.,core,core,mentorship_vs_dependence
49,allies,6,initiation,"I surround myself with builders, not spectators.",core,core,mentorship_vs_dependence
50,allies,6,initiation,I choose environments that match the man I'm becoming.,core,core,mentorship_vs_dependence
51,approach,7,initiation,I simplify the plan until it's executable.,core,core,chaos_vs_structure
52,approach,7,initiation,I focus on the one constraint that unlocks progress.,core,core,chaos_vs_structure
53,approach,7,initiation,I remove distractions that keep me fragmented.,core,core,chaos_vs_structure
54,approach,7,initiation,I choose a single direction and allocate energy to it.,core,core,chaos_vs_structure
55,approach,7,initiation,I structure my day so the important work happens first.,core,core,chaos_vs_structure
56,approach,7,initiation,I stop seeking intensity and start seeking consistency.,core,core,chaos_vs_structure
57,approach,7,initiation,"I measure progress with outputs, not feelings.",core,core,chaos_vs_structure
58,approach,7,initiation,I decide what 'done' looks like before I begin.,core,core,chaos_vs_structure
59,approach,7,initiation,I create a repeatable workflow instead of improvising daily.,core,core,chaos_vs_structure
60,approach,7,initiation,I move from ambition to implementation.,core,core,chaos_vs_structure
61,ordeal,8,initiation,Everything falls apart and I learn what matters.,core,core,comfort_vs_truth
62,ordeal,8,initiation,I face the part of me that wants to self-sabotage.,core,core,comfort_vs_truth
63,ordeal,8,initiation,I hit a low and choose not to abandon myself.,core,core,comfort_vs_truth
64,ordeal,8,initiation,I confront shame without letting it steer.,core,core,comfort_vs_truth
65,ordeal,8,initiation,I stop outsourcing my worth and stand on my own.,core,core,comfort_vs_truth
66,ordeal,8,initiation,I tolerate discomfort long enough for it to transform.,core,core,comfort_vs_truth
67,ordeal,8,initiation,I feel grief and keep moving forward.,core,core,comfort_vs_truth
68,ordeal,8,initiation,I accept the cost of growth instead of resenting it.,core,core,comfort_vs_truth
69,ordeal,8,initiation,I let old identities die so new ones can form.,core,core,comfort_vs_truth
70,ordeal,8,initiation,I discover that I can endure more than I thought.,core,core,comfort_vs_truth
71,reward,9,initiation,I get a win that proves the work is real.,core,core,practice_vs_fantasy
72,reward,9,initiation,I see evidence: the system is producing results.,core,core,practice_vs_fantasy
73,reward,9,initiation,I feel pride without needing anyone else to validate it.,core,core,practice_vs_fantasy
74,reward,9,initiation,I notice I'm calmer because I'm aligned.,core,core,practice_vs_fantasy
75,reward,9,initiation,I earn confidence through repetition.,core,core,practice_vs_fantasy
76,reward,9,initiation,"I experience competence: I can build, test, ship.",core,core,practice_vs_fantasy
77,reward,9,initiation,I feel power that comes from integrity.,core,core,practice_vs_fantasy
78,reward,9,initiation,I recognize that I am becoming reliable to myself.,core,core,practice_vs_fantasy
79,reward,9,initiation,I enjoy the quiet satisfaction of progress.,core,core,practice_vs_fantasy
80,reward,9,initiation,I see that my future is being built by my habits.,core,core,practice_vs_fantasy
81,return,10,return,I bring what I've learned back into daily life.,core,core,practice_vs_fantasy
82,return,10,return,I stop treating growth as a phase and make it a baseline.,core,core,practice_vs_fantasy
83,return,10,return,"I integrate the lessons into how I work, love, and live.",core,core,practice_vs_fantasy
84,return,10,return,I share the framework in a way that helps others.,core,core,practice_vs_fantasy
85,return,10,return,I turn the insights into a practical tool.,core,core,practice_vs_fantasy
86,return,10,return,I keep the standards even when no one is watching.,core,core,practice_vs_fantasy
87,return,10,return,I choose long-term alignment over short-term comfort.,core,core,practice_vs_fantasy
88,return,10,return,I refine the system so it survives busy weeks.,core,core,practice_vs_fantasy
89,return,10,return,I build a life that matches the man I claim to be.,core,core,practice_vs_fantasy
90,return,10,return,I act like the future is already underway.,core,core,practice_vs_fantasy
91,integration,11,return,I stop performing and start listening to myself.,core,core,numbness_vs_presence
92,integration,11,return,I can feel the difference between ego and instinct.,core,core,numbness_vs_presence
93,integration,11,return,I respond instead of react.,core,core,numbness_vs_presence
94,integration,11,return,I let my body lead when my mind spirals.,core,core,numbness_vs_presence
95,integration,11,return,"I treat emotions as signals, not commands.",core,core,numbness_vs_presence
96,integration,11,return,I hold boundaries without hostility.,core,core,numbness_vs_presence
97,integration,11,return,I choose presence over tactics.,core,core,numbness_vs_presence
98,integration,11,return,I trust myself more because I keep promises to myself.,core,core,numbness_vs_presence
99,integration,11,return,I can be intense without being compulsive.,core,core,numbness_vs_presence
100,integration,11,return,I become congruent: my values and actions match.,core,core,numbness_vs_presence
101,elixir,12,return,I return with something useful for others.,core,core,practice_vs_fantasy
102,elixir,12,return,I turn my story into a tool someone else can use.,core,core,image_vs_integrity
103,elixir,12,return,I explain the path without pretending it's easy.,core,core,fear_vs_action
104,elixir,12,return,"I teach what I practiced, not what I fantasized.",core,core,control_vs_autonomy
105,elixir,12,return,"I build artifacts—code, notes, systems—that outlast moods.",core,core,practice_vs_fantasy
106,elixir,12,return,I model grounded confidence instead of selling hype.,core,core,chaos_vs_structure
107,elixir,12,return,I help others cross their threshold with clarity.,core,core,ego_vs_service
108,elixir,12,return,I contribute work that proves my competence.,core,core,domination_vs_compassion
109,elixir,12,return,I share the map while honoring each person's journey.,core,core,certainty_vs_trust
110,elixir,12,return,I leave something behind that makes the world slightly better.,core,core,image_vs_integrity
111,refusal,3,departure,"I sense the world is staged, but I can’t yet name what’s wrong.",matrix,story,projection_vs_ownership
112,call,2,departure,"A stranger offers a choice: comfort in the story, or truth with consequences.",matrix,story,fear_vs_action
113,threshold,5,departure,I choose the red pill: I’d rather know than cope.,matrix,story,attachment_vs_love
114,threshold,5,departure,The old reality breaks; I realize I was living inside an operating system.,matrix,story,practice_vs_fantasy
115,tests,6,initiation,I accept that freedom feels like fear at first.,matrix,story,control_vs_autonomy
116,tests,6,initiation,I train daily: repetition turns chaos into skill.,matrix,story,ego_vs_discipline
117,tests,6,initiation,I meet resistance that wants me asleep; I stop negotiating with it.,matrix,story,image_vs_integrity
118,tests,6,initiation,"I learn to read the code: patterns, incentives, and hidden rules.",matrix,story,ego_vs_service
119,approach,7,initiation,I stop asking ‘am I ready?’ and start asking ‘what’s the next move?’,matrix,story,comfort_vs_truth
120,integration,11,return,I become the kind of person who can hold truth without collapsing.,matrix,story,numbness_vs_presence
121,refusal,3,departure,I feel numb in a life that looks fine on paper.,fight_club,story,fear_vs_action
122,refusal,3,departure,I notice I’m buying an identity instead of building one.,fight_club,story,image_vs_integrity
123,call,2,departure,I meet a shadow-teacher: the part of me that refuses to be domesticated.,fight_club,story,practice_vs_fantasy
124,threshold,5,departure,I choose pain over numbness; sensation becomes a doorway back to myself.,fight_club,story,projection_vs_ownership
125,tests,6,initiation,I learn the difference between performance and presence.,fight_club,story,ego_vs_discipline
126,tests,6,initiation,"I stop outsourcing my meaning to approval, status, or romance.",fight_club,story,control_vs_autonomy
127,ordeal,8,initiation,I face the split inside: the actor vs the one who actually wants.,fight_club,story,domination_vs_compassion
128,integration,11,return,I take responsibility for my shadow instead of letting it run the show.,fight_club,story,certainty_vs_trust
129,approach,7,initiation,"I build discipline: small acts of integrity, repeated, become identity.",fight_club,story,image_vs_integrity
130,return,10,return,I choose creation over destruction: rebuild the self without burning the world.,fight_club,story,practice_vs_fantasy
131,refusal,3,departure,"I inherit a story about who I am, and it doesn’t fit anymore.",kingdom_of_heaven,story,attachment_vs_love
132,call,2,departure,A mentor calls me to a higher standard: ‘be better than your past.’,kingdom_of_heaven,story,numbness_vs_presence
133,threshold,5,departure,I leave the familiar to pursue a harder kind of honor.,kingdom_of_heaven,story,ego_vs_service
134,allies,6,initiation,"I learn leadership is service, not dominance.",kingdom_of_heaven,story,image_vs_integrity
135,ordeal,8,initiation,I hold the line when fear says run.,kingdom_of_heaven,story,fear_vs_action
136,integration,11,return,"I choose mercy over ego, even when it costs me.",kingdom_of_heaven,story,chaos_vs_structure
137,reward,9,initiation,I protect people who can’t protect themselves; my values become real.,kingdom_of_heaven,story,mentorship_vs_dependence
138,tests,6,initiation,I negotiate with power without selling my soul.,kingdom_of_heaven,story,domination_vs_compassion
139,ordeal,8,initiation,I accept loss without losing my integrity.,kingdom_of_heaven,story,projection_vs_ownership
140,return,10,return,"I return changed: not a legend, but a man who keeps his vow.",kingdom_of_heaven,story,practice_vs_fantasy
141,refusal,3,departure,"I sense the set is too perfect, but I keep smiling for the cameras.",truman,story,image_vs_integrity
142,call,2,departure,A crack appears in the world; I can’t unsee that my life might be staged.,truman,story,certainty_vs_trust
143,threshold,5,departure,I test the boundaries of the script and choose truth over comfort.,truman,story,control_vs_autonomy
144,tests,6,initiation,The system pushes back; I learn that freedom requires sustained courage.,truman,story,ego_vs_discipline
145,approach,7,initiation,I stop asking for permission and start planning my exit with calm precision.,truman,story,comfort_vs_truth
146,ordeal,8,initiation,I face the fear designed to keep me small and walk through it anyway.,truman,story,image_vs_integrity
147,return,10,return,"I step into the unknown: no applause, just a real life I choose.",truman,story,practice_vs_fantasy
148,refusal,3,departure,"I tell myself it’s just a dream, because doubt is safer than responsibility.",inception,story,fear_vs_action
149,call,2,departure,A mission appears: plant an idea that could change everything.,inception,story,domination_vs_compassion
150,threshold,5,departure,"I accept the deeper layer: to build reality, I must face my own mind.",inception,story,ego_vs_service
151,tests,6,initiation,I run drills in layers of pressure; skill replaces panic.,inception,story,projection_vs_ownership
152,allies,6,initiation,I assemble a team where each strength covers another’s weakness.,inception,story,numbness_vs_presence
153,approach,7,initiation,I design the plan down to the timing: structure becomes sanity.,inception,story,attachment_vs_love
154,ordeal,8,initiation,I confront the memory that sabotages me and refuse to let it steer.,inception,story,image_vs_integrity
155,integration,11,return,"I choose a grounded inner compass: I can’t control reality, but I can choose integrity.",inception,story,practice_vs_fantasy
156,return,10,return,"I come back changed: less attached to certainty, more committed to what I build.",inception,story,ego_vs_discipline
157,refusal,3,departure,"I play along with the story I’m sold, even when it smells like rot.",la_confidential,story,control_vs_autonomy
158,call,2,departure,I see the corruption behind the badge; the truth demands a price.,la_confidential,story,certainty_vs_trust
159,threshold,5,departure,I stop performing loyalty and start investigating what power hides.,la_confidential,story,fear_vs_action
160,tests,6,initiation,Every clue creates enemies; I learn to move quietly and verify everything.,la_confidential,story,domination_vs_compassion
161,allies,6,initiation,I find unlikely partners: integrity can be shared even among rivals.,la_confidential,story,ego_vs_service
162,ordeal,8,initiation,"I face the cost of truth: reputation, safety, and the comfort of lies.",la_confidential,story,image_vs_integrity
163,reward,9,initiation,The pattern snaps into focus; I can finally name what’s really happening.,la_confidential,story,practice_vs_fantasy
164,return,10,return,I choose justice over image and walk forward with my conscience intact.,la_confidential,story,projection_vs_ownership
165,refusal,3,departure,I cling to ordinary rules because wonder feels like losing control.,alice,story,numbness_vs_presence
166,call,2,departure,I follow the impossible: curiosity becomes the doorway.,alice,story,comfort_vs_truth
167,threshold,5,departure,I fall into the unknown and let the old map dissolve.,alice,story,ego_vs_discipline
168,tests,6,initiation,Nothing behaves ‘properly’; I learn to adapt instead of argue.,alice,story,control_vs_autonomy
169,allies,6,initiation,I meet strange guides and realize wisdom can look eccentric.,alice,story,attachment_vs_love
170,ordeal,8,initiation,I face the part of me that doubts my right to take up space.,alice,story,practice_vs_fantasy
171,integration,11,return,"I remember who I am: not the role, but the chooser.",alice,story,image_vs_integrity
172,return,10,return,I carry wonder back to the real world and act with more courage.,alice,story,fear_vs_action
173,refusal,3,departure,I stay in sepia comfort because color feels too big for me.,oz,story,domination_vs_compassion
174,call,2,departure,A storm lifts me: life interrupts my plan and offers an adventure.,oz,story,ego_vs_service
175,threshold,5,departure,I arrive in a strange land and realize I must walk the road myself.,oz,story,projection_vs_ownership
176,allies,6,initiation,I gather companions; each of us wants what we think we lack.,oz,story,chaos_vs_structure
177,tests,6,initiation,We face tricks and threats that test whether we’ll quit or keep moving.,oz,story,practice_vs_fantasy
178,ordeal,8,initiation,"The illusion shatters: the ‘wizard’ is just a man, and I must own my power.",oz,story,certainty_vs_trust
179,integration,11,return,"I learn the gift was always within: heart, courage, mind, and home.",oz,story,image_vs_integrity
180,return,10,return,I go back with a new lens: I can choose my life without needing a savior.,oz,story,numbness_vs_presence
181,allies,6,initiation,"The Hospitalier speaks calm courage into me: ‘When you stand before God, you cannot say you weren’t shown mercy.’",kingdom_of_heaven,story,attachment_vs_love
182,tests,6,initiation,I watch the Hospitalier hold steady under chaos; I learn composure is a weapon.,kingdom_of_heaven,story,ego_vs_discipline
183,approach,7,initiation,"The Hospitalier reminds me: build the defense, not the legend—do the work that saves lives.",kingdom_of_heaven,story,control_vs_autonomy
184,ordeal,8,initiation,"In the darkest hour, the Hospitalier refuses despair; I borrow his steadiness to keep fighting.",kingdom_of_heaven,story,fear_vs_action
185,integration,11,return,"‘If God does not love you, how could you have done all these things that you have done?’—I let that land as permission to forgive myself.",kingdom_of_heaven,story,domination_vs_compassion
186,reward,9,initiation,"I feel a clean dignity: my actions were real, and that matters more than my doubts.",kingdom_of_heaven,story,image_vs_integrity
187,return,10,return,"I carry the Hospitalier’s standard back with me: honor isn’t an emotion, it’s a practice.",kingdom_of_heaven,story,projection_vs_ownership
188,elixir,12,return,I pass on the lesson: mercy and discipline can coexist; you can be fierce without being cruel.,kingdom_of_heaven,story,practice_vs_fantasy
189,refusal,3,departure,I tell myself the darkness is ‘just stories’—but I feel it watching from the edges.,WAKE,story,ego_vs_service
190,call,2,departure,"A message arrives from the deep: write, or be written by the nightmare.",WAKE,story,comfort_vs_truth
191,threshold,5,departure,I step into the overlap—reality bends and I accept that the rules have changed.,WAKE,story,numbness_vs_presence
192,tests,6,initiation,"I learn to survive the loop: light, timing, and focus become my daily training.",WAKE,story,practice_vs_fantasy
193,tests,6,initiation,The story fights back; every attempt teaches me what the darkness exploits.,WAKE,story,image_vs_integrity
194,allies,6,initiation,I link up with others trapped in the same myth; we trade clues instead of coping alone.,WAKE,story,fear_vs_action
195,approach,7,initiation,"I map the pattern: scenes, triggers, objectives—structure gives me a way through.",WAKE,story,domination_vs_compassion
196,ordeal,8,initiation,I face the part of me that uses art as avoidance; I choose responsibility over romance with chaos.,WAKE,story,ego_vs_discipline
197,ordeal,8,initiation,I confront the shadow that wears my face; I stop bargaining and name it.,WAKE,story,control_vs_autonomy
198,reward,9,initiation,A breakthrough: the narrative snaps—what felt random becomes readable.,WAKE,story,certainty_vs_trust
199,return,10,return,"I bring the clarity back to daylight: I can’t control every frame, but I can choose the next line.",WAKE,story,attachment_vs_love
200,integration,11,return,I hold fear without letting it steer; presence becomes brighter than panic.,WAKE,story,numbness_vs_presence
201,elixir,12,return,"I turn the ordeal into a tool: writing as disciplined practice, not escapism.",WAKE,story,practice_vs_fantasy
202,tests,6,initiation,I stop chasing the perfect ending and start making clean moves under pressure.,WAKE,story,practice_vs_fantasy
203,approach,7,initiation,I treat the work like a ritual: small consistent actions that keep the darkness from taking ground.,WAKE,story,chaos_vs_structure
204,integration,11,return,"I become the author again—no longer possessed by the plot, but participating consciously.",WAKE,story,control_vs_autonomy
205,refusal,3,departure,I tell myself Gotham isn’t my problem anymore; hiding feels safer than choosing the cowl.,Batman,story,control_vs_autonomy
206,call,2,departure,The city shows me the cost of my comfort—someone has to stand up.,Batman,story,ego_vs_service
207,threshold,5,departure,I cross into the underworld of training; fear becomes a teacher instead of a jailer.,Batman,story,fear_vs_action
208,tests,6,initiation,"I learn the discipline behind the symbol: repetition, restraint, and control.",Batman,story,ego_vs_discipline
209,allies,6,initiation,I accept guidance from mentors and allies; I stop pretending I can do it alone.,Batman,story,mentorship_vs_dependence
210,approach,7,initiation,"I build the tools and the code: the mission needs structure, not ego.",Batman,story,chaos_vs_structure
211,ordeal,8,initiation,"I face the chaos that can’t be reasoned with; the Joker tests my integrity, not my strength.",Batman,story,domination_vs_compassion
212,ordeal,8,initiation,I take the fall so the symbol survives; I choose responsibility over reputation.,Batman,story,ego_vs_service
213,reward,9,initiation,A hard-won truth: being good isn’t being liked—it’s doing what’s necessary.,Batman,story,image_vs_integrity
214,return,10,return,I come back from exile and pain; I move again even when the body protests.,Batman,story,fear_vs_action
215,integration,11,return,I hold the paradox: a symbol can be both mercy and threat—used with intention.,Batman,story,domination_vs_compassion
216,elixir,12,return,I pass on the lesson: build systems that outlive you; courage is contagious.,Batman,story,ego_vs_service
217,refusal,3,departure,I cling to comfort and status; I don’t want the world to change me.,samurai,story,control_vs_autonomy
218,call,2,departure,A new land calls me into a conflict I don’t understand; I’m needed where I’m weakest.,samurai,story,fear_vs_action
219,threshold,5,departure,I enter the samurai world; my old identity starts to crack.,samurai,story,image_vs_integrity
220,tests,6,initiation,"Training strips me down: posture, breath, repetition—no shortcuts.",samurai,story,practice_vs_fantasy
221,allies,6,initiation,I find respect in those I feared; discipline becomes a bridge.,samurai,story,ego_vs_service
222,approach,7,initiation,I stop performing and start learning; humility becomes my weapon.,samurai,story,ego_vs_discipline
223,ordeal,8,initiation,"In battle and loss, I face what my life has been built on; the old story dies.",samurai,story,image_vs_integrity
224,reward,9,initiation,A quiet honor arrives: I can stand in my own skin without applause.,samurai,story,image_vs_integrity
225,return,10,return,"I return carrying a new standard: presence, duty, and restraint.",samurai,story,ego_vs_discipline
226,integration,11,return,‘No mind’ becomes real: I act cleanly without the chatter taking the wheel.,samurai,story,numbness_vs_presence
227,elixir,12,return,I pass on what I learned: mastery is inner stillness under pressure.,samurai,story,practice_vs_fantasy
228,refusal,3,departure,I want the crown without the cross; I resist surrender and try to control outcomes.,christ,story,control_vs_autonomy
229,call,2,departure,"I’m called into the desert of truth: serve, not be served.",christ,story,ego_vs_service
230,threshold,5,departure,I step into ministry; the path becomes public and costly.,christ,story,image_vs_integrity
231,tests,6,initiation,"Temptations come as shortcuts: power, spectacle, certainty—each one refused.",christ,story,control_vs_autonomy
232,allies,6,initiation,"I gather imperfect disciples; love becomes practiced, not theoretical.",christ,story,mentorship_vs_dependence
233,approach,7,initiation,I walk toward Jerusalem knowing the cost; courage is obedience.,christ,story,fear_vs_action
234,ordeal,8,initiation,The crucifixion: everything is stripped away; I endure without abandoning love.,christ,story,domination_vs_compassion
235,reward,9,initiation,Resurrection: life returns with meaning; despair is not the final word.,christ,story,certainty_vs_trust
236,return,10,return,"I return to my people with peace, not vengeance; wounds become testimony.",christ,story,domination_vs_compassion
237,integration,11,return,I embody mercy and truth together; strength becomes gentleness.,christ,story,domination_vs_compassion
238,elixir,12,return,The commission: carry the message outward—hope made practical.,christ,story,ego_vs_service
239,refusal,3,departure,I want to stay a kid forever; responsibility feels like a trap.,DBZ,story,practice_vs_fantasy
240,call,2,departure,A new threat arrives; my limits are exposed and the work begins.,DBZ,story,fear_vs_action
241,threshold,5,departure,I commit to training; the body becomes the dojo and discipline becomes daily.,DBZ,story,practice_vs_fantasy
242,tests,6,initiation,"Every arc is a trial: gravity, technique, timing—failure is data.",DBZ,story,practice_vs_fantasy
243,allies,6,initiation,I train with rivals and friends; competition becomes collaboration.,DBZ,story,ego_vs_service
244,approach,7,initiation,"I prepare for the big fight: strategy, recovery, and focus—not just hype.",DBZ,story,chaos_vs_structure
245,ordeal,8,initiation,I meet an enemy that forces transformation; the old self can’t win.,DBZ,story,image_vs_integrity
246,reward,9,initiation,Power unlocks through sacrifice and love; strength becomes purposeful.,DBZ,story,ego_vs_service
247,return,10,return,I return to ordinary life with new capacity; calm becomes a flex.,DBZ,story,image_vs_integrity
248,integration,11,return,I accept that growth is endless; identity is built by reps.,DBZ,story,practice_vs_fantasy
249,elixir,12,return,I teach the next generation: train your spirit as much as your power.,DBZ,story,mentorship_vs_dependence
250,refusal,3,departure,I rage against limits; I want heaven’s status without heaven’s wisdom.,journey_west,story,control_vs_autonomy
251,call,2,departure,A mission appears: protect the pilgrimage—turn chaos into service.,journey_west,story,ego_vs_service
252,threshold,5,departure,I’m bound to the path; freedom now means commitment.,journey_west,story,control_vs_autonomy
253,tests,6,initiation,"Demons, illusions, and ego traps: each one exposes my impatience.",journey_west,story,image_vs_integrity
254,allies,6,initiation,A strange crew forms; difference becomes strength when we stay aligned.,journey_west,story,ego_vs_service
255,approach,7,initiation,I learn restraint: power without discipline becomes disaster.,journey_west,story,ego_vs_discipline
256,ordeal,8,initiation,I face the part of me that wants worship; I choose the work over attention.,journey_west,story,image_vs_integrity
257,reward,9,initiation,A clearer mind emerges: humor and humility replace arrogance.,journey_west,story,ego_vs_service
258,return,10,return,"I bring the lesson back: enlightenment is practice, not a trophy.",journey_west,story,practice_vs_fantasy
259,integration,11,return,I hold both mischief and compassion; the trickster becomes a guardian.,journey_west,story,domination_vs_compassion
260,elixir,12,return,I pass on the teaching: the wild mind can be trained to serve truth.,journey_west,story,practice_vs_fantasy
261,refusal,3,departure,"My chest tightens and I call it logic; it’s actually fear of exposure.",core,lmb,numbness_vs_presence
262,refusal,3,departure,"I scroll instead of breathing; the freeze response wears the mask of productivity.",core,lmb,numbness_vs_presence
263,refusal,3,departure,"I over-plan the feature because shipping would make the feedback real.",core,career,fear_vs_action
264,call,2,departure,"The body signals before the mind agrees: shallow breath means something must change.",core,lmb,numbness_vs_presence
265,call,2,departure,"A failing test suite shows me where discipline is missing; the bug is instructional.",core,career,practice_vs_fantasy
266,call,2,departure,"I realize the relationship pattern repeats; the common variable is my avoidance.",core,dating,projection_vs_ownership
267,threshold,5,departure,"I push the commit even though my stomach flips; action recalibrates the nervous system.",core,career,fear_vs_action
268,threshold,5,departure,"I state a boundary calmly; my voice shakes but I don’t retract it.",core,dating,fear_vs_action
269,threshold,5,departure,"I choose the workout when the mind negotiates; the body crosses first.",core,fitness,practice_vs_fantasy
270,tests,6,initiation,"An incident hits production; I stay with the logs instead of blaming people.",core,career,projection_vs_ownership
271,tests,6,initiation,"I feel the urge to fawn; I breathe and return to center before replying.",core,lmb,mentorship_vs_dependence
272,tests,6,initiation,"I iterate the release plan; constraints refine the architecture.",core,career,chaos_vs_structure
273,allies,6,initiation,"A mentor critiques my draft; I integrate the signal without collapsing.",core,career,mentorship_vs_dependence
274,allies,6,initiation,"I choose friends who challenge my delusion, not those who soothe it.",core,lmb,ego_vs_service
275,approach,7,initiation,"I define ‘done’ for this sprint; ambiguity is replaced with criteria.",core,career,chaos_vs_structure
276,approach,7,initiation,"I design rituals—sleep, lifting, journaling—that reduce chaos before it starts.",core,fitness,practice_vs_fantasy
277,ordeal,8,initiation,"I sit in the urge to self-sabotage and refuse to act it out.",core,lmb,fear_vs_action
278,ordeal,8,initiation,"A relationship ends; I grieve without rewriting the story to make me innocent.",core,dating,projection_vs_ownership
279,ordeal,8,initiation,"The deploy fails publicly; I own the mistake and draft the postmortem.",core,career,image_vs_integrity
280,reward,9,initiation,"My breath deepens under pressure; composure becomes embodied proof.",core,lmb,numbness_vs_presence
281,reward,9,initiation,"The build pipeline turns green; repetition is now trust.",core,career,practice_vs_fantasy
282,reward,9,initiation,"I can say no without anger; that is new power.",core,dating,control_vs_autonomy
283,return,10,return,"I turn the debugging playbook into onboarding material for the next engineer.",core,career,ego_vs_service
284,return,10,return,"I model clean boundaries so others feel safer to hold their own.",core,dating,ego_vs_service
285,integration,11,return,"I notice activation in the chest and choose response over reaction.",core,lmb,numbness_vs_presence
286,integration,11,return,"Discipline feels less dramatic; consistency replaces intensity.",core,fitness,intensity_vs_consistency
287,elixir,12,return,"I publish the framework I tested in private; artifacts replace performance.",core,career,practice_vs_fantasy
288,elixir,12,return,"I speak about failure without glamorizing it; clarity becomes service.",core,lmb,image_vs_integrity
289,elixir,12,return,"I help someone else ship their first uncomfortable commit.",core,career,mentorship_vs_dependence
290,approach,7,initiation,"I constrain the scope instead of expanding ambition; focus is mercy.",core,career,chaos_vs_structure
291,tests,6,initiation,"I track triggers like metrics; awareness becomes observability.",core,lmb,practice_vs_fantasy
292,ordeal,8,initiation,"I forgive myself for not knowing sooner; shame loses its leverage.",core,spiritual,domination_vs_compassion
293,reward,9,initiation,"Integrity feels lighter than image management; I choose it again.",core,spiritual,image_vs_integrity
294,return,10,return,"I carry the lesson into Monday; growth survives the calendar.",core,lmb,practice_vs_fantasy
295,elixir,12,return,"I build systems—code, habits, vows—that outlast mood swings.",core,lmb,practice_vs_fantasy
296,refusal,3,departure,"I wake up to the same mental alarm; the loop is familiar, not fated.",groundhog_day,story,practice_vs_fantasy
297,refusal,3,departure,"I call it realism, but it’s resignation dressed as wisdom.",groundhog_day,lmb,image_vs_integrity
298,refusal,3,departure,"I tell myself nothing matters; it’s a shield against disappointment.",groundhog_day,spiritual,numbness_vs_presence
299,refusal,3,departure,"I keep reliving February 2nd because part of me is afraid of February 3rd.",groundhog_day,lmb,fear_vs_action
300,call,2,departure,"The question lands: what if the repetition is asking me to change, not escape?",groundhog_day,story,practice_vs_fantasy
301,call,2,departure,"I notice the ‘same house, same stress, same echo’ pattern and stop calling it normal.",groundhog_day,lmb,image_vs_integrity
302,call,2,departure,"I see the split: what’s my weather vs what isn’t mine to control.",groundhog_day,lmb,control_vs_autonomy
303,call,2,departure,"I realize growth isn’t a lever to pull; it’s a path to walk.",groundhog_day,spiritual,certainty_vs_trust
304,allies,6,initiation,"A mentor-frame appears: a compassionate viewer can name what I’m doing without shaming me.",groundhog_day,lmb,mentorship_vs_dependence
305,allies,6,initiation,"Rita becomes a mirror: love that refuses manipulation forces honesty.",groundhog_day,story,attachment_vs_love
306,tests,6,initiation,"I try the ‘no consequences’ life and discover indulgence still feels empty.",groundhog_day,story,comfort_vs_truth
307,tests,6,initiation,"I watch my mind bargain—‘if only X, then peace’—and label it as control-seeking.",groundhog_day,lmb,control_vs_autonomy
308,tests,6,initiation,"I practice craft to replace coping: read, train, build, repeat.",groundhog_day,lmb,practice_vs_fantasy
309,approach,7,initiation,"I stop auditioning for a role I already lost; I define growth without an audience.",groundhog_day,dating,image_vs_integrity
310,approach,7,initiation,"I set ‘one small real-world action’ as the exit ramp from over-analysis.",groundhog_day,lmb,fear_vs_action
311,approach,7,initiation,"I narrow the goal to presence: show up cleanly, regardless of outcome.",groundhog_day,lmb,numbness_vs_presence
312,ordeal,8,initiation,"I hit the dark solution—self-destruction fantasies—then see they don’t end the loop.",groundhog_day,story,comfort_vs_truth
313,ordeal,8,initiation,"I grieve the story that died and refuse to rewrite it into vindication.",groundhog_day,lmb,projection_vs_ownership
314,ordeal,8,initiation,"I face the humiliation of not getting the grade I wanted after passing the test.",groundhog_day,lmb,ego_vs_discipline
315,ordeal,8,initiation,"I accept the limits: I cannot resurrect the past by force of will.",groundhog_day,spiritual,control_vs_autonomy
316,reward,9,initiation,"I feel relief in surrender: ‘I’m not the god’ becomes nervous-system peace.",groundhog_day,spiritual,certainty_vs_trust
317,reward,9,initiation,"I notice integrity is lighter than image management.",groundhog_day,lmb,image_vs_integrity
318,reward,9,initiation,"Service breaks the spell: generosity without a receipt restores meaning.",groundhog_day,spiritual,ego_vs_service
319,return,10,return,"I carry the lesson into ordinary days: the calendar doesn’t cancel the vow.",groundhog_day,lmb,practice_vs_fantasy
320,return,10,return,"I stop using one person as the measuring stick for whether my growth was worth it.",groundhog_day,dating,attachment_vs_love
321,return,10,return,"I bless and release: gratitude without a covert contract.",groundhog_day,spiritual,attachment_vs_love
322,integration,11,return,"I can hold the thought ‘if she saw me now’ without letting it steer the ship.",groundhog_day,lmb,projection_vs_ownership
323,integration,11,return,"Presence replaces tactics; I choose the next honest line, not the perfect script.",groundhog_day,lmb,fear_vs_action
324,integration,11,return,"I treat journaling as a commentary track that must end in action.",groundhog_day,lmb,practice_vs_fantasy
325,elixir,12,return,"Protocol: scene, commentary, one small action—each day advances one frame.",groundhog_day,lmb,practice_vs_fantasy
326,elixir,12,return,"I build artifacts instead of fantasies: habits, code, vows, proof-of-work.",groundhog_day,career,practice_vs_fantasy
327,refusal,3,departure,"I optimize myself for someone’s love and feel it turn uncanny.",groundhog_day,dating,attachment_vs_love
328,tests,6,initiation,"I notice how ‘trying too hard’ leaks neediness even when the growth is real.",groundhog_day,dating,attachment_vs_love
329,approach,7,initiation,"I anchor improvement in vocation and integrity, not in winning someone back.",groundhog_day,spiritual,image_vs_integrity
330,ordeal,8,initiation,"A creator’s illness reminds me: meaning-making doesn’t grant immunity from pain.",groundhog_day,spiritual,comfort_vs_truth
331,reward,9,initiation,"I choose grace as a response to being blindsided, not as a bargain for safety.",groundhog_day,spiritual,domination_vs_compassion
332,return,10,return,"I meet the next crossroads as the man who walked through the storm, not the boy who hoped to be spared.",groundhog_day,lmb,fear_vs_action
333,integration,11,return,"I accept uncertainty as weather; I still choose my posture, my breath, my next move.",groundhog_day,lmb,certainty_vs_trust
334,elixir,12,return,"I bring back a simple creed: I don’t control outcomes; I control how I show up.",groundhog_day,lmb,control_vs_autonomy
335,elixir,12,return,"The loop ends when love stops extracting and starts giving.",groundhog_day,spiritual,attachment_vs_love
336,refusal,3,departure,"I confuse my public myth with my real self and start living for the rumor.",wake_scratch,story,image_vs_integrity
337,refusal,3,departure,"I let other people’s stories draft my identity, then call it ‘being realistic.’",wake_scratch,lmb,projection_vs_ownership
338,refusal,3,departure,"I hide from the work because I’m afraid the world will misread me anyway.",wake_scratch,lmb,fear_vs_action
339,call,2,departure,"A darker double appears: the part of me shaped by fear, gossip, and projection.",wake_scratch,story,projection_vs_ownership
340,call,2,departure,"I realize reputation is a force: collective belief can write a mask onto me.",wake_scratch,spiritual,structure_vs_freedom
341,call,2,departure,"I see the core threat: an inner demon uses my name to open a door I already tried to close.",wake_scratch,story,projection_vs_ownership
342,threshold,5,departure,"I choose authorship over anxiety: I stop negotiating with the narrative and act.",wake_scratch,lmb,control_vs_autonomy
343,threshold,5,departure,"I accept that the story world has rules—symbols, exchanges, consequences—and I step in anyway.",wake_scratch,story,structure_vs_freedom
344,tests,6,initiation,"I notice how a single rumor can become a whole costume if I keep wearing it.",wake_scratch,lmb,image_vs_integrity
345,tests,6,initiation,"I track my triggers like an investigator: what makes the double stronger?",wake_scratch,lmb,practice_vs_fantasy
346,tests,6,initiation,"I learn that ‘dark presence’ thrives on ambiguity; clarity is a form of light.",wake_scratch,spiritual,projection_vs_ownership
347,tests,6,initiation,"I separate the true signal from the noise: not every accusation is data.",wake_scratch,lmb,projection_vs_ownership
348,allies,6,initiation,"A loved one sees the real me and reflects it back without feeding my ego.",wake_scratch,story,image_vs_integrity
349,allies,6,initiation,"An ally’s testimony becomes medicine: truth spoken with love weakens the false legend.",wake_scratch,spiritual,domination_vs_compassion
350,allies,6,initiation,"I accept help to anchor reality: a witness is protection against self-mythologizing.",wake_scratch,lmb,mentorship_vs_dependence
351,approach,7,initiation,"I build a ‘Sunrise’ artifact: a clean record of who I am when I’m not performing.",wake_scratch,career,image_vs_integrity
352,approach,7,initiation,"I replace image management with proof-of-work; reality becomes harder to distort.",wake_scratch,career,image_vs_integrity
353,approach,7,initiation,"I stop feeding the urban legend—no more compulsive explaining, no more reactive posts.",wake_scratch,lmb,control_vs_autonomy
354,approach,7,initiation,"I prepare for the showdown by tightening my inner criteria: integrity over applause.",wake_scratch,spiritual,image_vs_integrity
355,ordeal,8,initiation,"I face the suit: the persona built from headlines, shame, and projection.",wake_scratch,lmb,image_vs_integrity
356,ordeal,8,initiation,"I confront the fact that my shadow can wear my face and still not be me.",wake_scratch,story,projection_vs_ownership
357,ordeal,8,initiation,"I resist the temptation to become what they fear; I refuse the ‘serial killer’ script.",wake_scratch,lmb,image_vs_integrity
358,ordeal,8,initiation,"I accept the law of exchange: to rescue what I love, I must sacrifice the mask.",wake_scratch,spiritual,comfort_vs_truth
359,reward,9,initiation,"The illusion burns: when the light hits it, the false self can’t hold form.",wake_scratch,story,projection_vs_ownership
360,reward,9,initiation,"I feel relief when the costume falls away; the body recognizes truth as safety.",wake_scratch,lmb,numbness_vs_presence
361,reward,9,initiation,"I learn the paradox: vulnerability is how you defeat a myth that feeds on secrecy.",wake_scratch,spiritual,domination_vs_compassion
362,return,10,return,"I come back to ordinary life wearing the plaid: simple, grounded, untheatrical.",wake_scratch,lmb,image_vs_integrity
363,return,10,return,"I stop trying to control every opinion; I focus on being consistent in daylight.",wake_scratch,spiritual,certainty_vs_trust
364,return,10,return,"I keep the door closed with routine: sleep, training, work—structure as protection.",wake_scratch,fitness,chaos_vs_structure
365,integration,11,return,"I can hear the rumor-brain and not obey it; I choose the next clean line.",wake_scratch,lmb,fear_vs_action
366,integration,11,return,"I hold both truths: I have darkness, and I am not only my darkness.",wake_scratch,spiritual,projection_vs_ownership
367,integration,11,return,"I treat reputation like weather: note it, prepare, but don’t worship it.",wake_scratch,lmb,certainty_vs_trust
368,elixir,12,return,"I bring back a method: make a public artifact of truth that quietly burns the lie.",wake_scratch,career,image_vs_integrity
369,elixir,12,return,"I teach the lesson: collective belief can create monsters—so choose what you amplify.",wake_scratch,spiritual,projection_vs_ownership
370,elixir,12,return,"I leave a protocol: identify the double, stop feeding it, ship truth in small consistent frames.",wake_scratch,lmb,practice_vs_fantasy
371,refusal,3,departure,"I want home, but duty keeps rewriting my plans.",gladiator,story,comfort_vs_truth
372,refusal,3,departure,"I tell myself honor is pointless because death erases everything.",gladiator,spiritual,comfort_vs_truth
373,refusal,3,departure,"I cling to rank and reputation because it’s all I think I am.",gladiator,lmb,image_vs_integrity
374,call,2,departure,"A higher standard appears: lead with courage and care, not ego.",gladiator,story,ego_vs_service
375,call,2,departure,"I feel the pull toward simple desires—home, family, harvest—over glory.",gladiator,lmb,comfort_vs_truth
376,call,2,departure,"A question lands: if life ends in dust, what makes it meaningful?",gladiator,spiritual,comfort_vs_truth
377,threshold,5,departure,"The wheel turns: I lose everything and still have to choose my posture.",gladiator,spiritual,control_vs_autonomy
378,threshold,5,departure,"I’m forced into the arena; I decide to survive without surrendering my soul.",gladiator,story,image_vs_integrity
379,tests,6,initiation,"I learn to command my inner state when I can’t command the world.",gladiator,spiritual,control_vs_autonomy
380,tests,6,initiation,"I take the dirt in my hand and remember: mortality is a compass.",gladiator,lmb,comfort_vs_truth
381,tests,6,initiation,"I lead from the front; men trust what they can feel in my presence.",gladiator,story,ego_vs_service
382,tests,6,initiation,"I reject manipulation: praise without integrity is poison.",gladiator,spiritual,image_vs_integrity
383,allies,6,initiation,"A crew forms in captivity; brotherhood becomes the new home.",gladiator,story,ego_vs_service
384,allies,6,initiation,"A mentor teaches the rule: win the crowd to buy time and leverage.",gladiator,career,chaos_vs_structure
385,allies,6,initiation,"A witness reminds me who I was before the world broke me.",gladiator,lmb,projection_vs_ownership
386,approach,7,initiation,"I build quiet influence inside the system that enslaves me.",gladiator,career,structure_vs_freedom
387,approach,7,initiation,"I stop living for vengeance alone; I choose a cause bigger than my pain.",gladiator,spiritual,ego_vs_service
388,approach,7,initiation,"I define Rome as a soul, not a spectacle; vision becomes resistance.",gladiator,story,image_vs_integrity
389,ordeal,8,initiation,"I face the tyrant and proclaim my true name in public.",gladiator,story,image_vs_integrity
390,ordeal,8,initiation,"I feel grief and rage, but I refuse to become the evil I fight.",gladiator,lmb,domination_vs_compassion
391,ordeal,8,initiation,"The false brother offers a devil’s bargain; I refuse the shortcut.",gladiator,spiritual,ego_vs_discipline
392,reward,9,initiation,"Identity returns: I remember my vows and my standard.",gladiator,lmb,image_vs_integrity
393,reward,9,initiation,"I discover power that isn’t bought: dignity under pressure.",gladiator,spiritual,image_vs_integrity
394,reward,9,initiation,"My presence rallies others; virtue spreads like contagion.",gladiator,story,ego_vs_service
395,return,10,return,"I use my final leverage to free others and restore a better order.",gladiator,spiritual,ego_vs_service
396,return,10,return,"I pass the mission forward: honor is practiced, not claimed.",gladiator,lmb,practice_vs_fantasy
397,integration,11,return,"I hold mortality and meaning together; I act as if deeds echo beyond me.",gladiator,spiritual,certainty_vs_trust
398,integration,11,return,"I keep my hands in the dirt—grounded, simple, uncorrupted by applause.",gladiator,lmb,image_vs_integrity
399,elixir,12,return,"I leave an ethic: strength and honor are real when they cost you something.",gladiator,spiritual,ego_vs_discipline
400,elixir,12,return,"I bring back a model of manhood: calm leadership, disciplined courage, humble love.",gladiator,lmb,ego_vs_discipline
401,refusal,3,departure,"I obey the script—grades, manners, achievement—while my inner life goes quiet.",dead_poets,story,image_vs_integrity
402,refusal,3,departure,"I trade curiosity for approval and call it ‘being responsible.’",dead_poets,lmb,image_vs_integrity
403,refusal,3,departure,"I feel the ache of meaninglessness but keep performing so no one worries.",dead_poets,spiritual,numbness_vs_presence
404,call,2,departure,"A teacher arrives who treats life as art: ‘What will your verse be?’",dead_poets,story,practice_vs_fantasy
405,call,2,departure,"I hear ‘carpe diem’ and realize my passivity has a cost.",dead_poets,lmb,fear_vs_action
406,call,2,departure,"I see that the goal isn’t success—it’s aliveness.",dead_poets,spiritual,comfort_vs_truth
407,threshold,5,departure,"I step out of the row and risk looking strange to feel the truth.",dead_poets,story,comfort_vs_truth
408,threshold,5,departure,"I speak one honest line aloud; the voice that was trapped gets air.",dead_poets,lmb,fear_vs_action
409,threshold,5,departure,"I choose experience over reputation, even if it disrupts the plan.",dead_poets,spiritual,image_vs_integrity
410,allies,6,initiation,"A circle forms: brotherhood gives courage when the institution demands silence.",dead_poets,story,ego_vs_service
411,allies,6,initiation,"A mentor models embodied conviction—he lives what he teaches.",dead_poets,spiritual,practice_vs_fantasy
412,allies,6,initiation,"Friends mirror the dormant spark in me; desire becomes permission.",dead_poets,lmb,numbness_vs_presence
413,tests,6,initiation,"I test the boundary: how much of myself can I reveal before I’m punished?",dead_poets,lmb,image_vs_integrity
414,tests,6,initiation,"I notice the fawn reflex—please the father, please the school, disappear the self.",dead_poets,lmb,mentorship_vs_dependence
415,tests,6,initiation,"I practice courage as repetition: small acts of defiance build identity.",dead_poets,spiritual,practice_vs_fantasy
416,approach,7,initiation,"I stop asking for a perfect path and choose the next true action.",dead_poets,lmb,fear_vs_action
417,approach,7,initiation,"I prepare to face authority without collapsing: clarity, calm, and evidence.",dead_poets,career,ego_vs_discipline
418,approach,7,initiation,"I define ‘extraordinary’ as lived honesty, not dramatic gestures.",dead_poets,spiritual,image_vs_integrity
419,ordeal,8,initiation,"I meet the double bind: obey the role and die inside, or speak up and risk exile.",dead_poets,story,comfort_vs_truth
420,ordeal,8,initiation,"A father’s will becomes a cage; I feel what it costs to have no voice.",dead_poets,lmb,control_vs_autonomy
421,ordeal,8,initiation,"I witness how repression can turn lethal; the soul can die before the body does.",dead_poets,spiritual,numbness_vs_presence
422,reward,9,initiation,"I feel the first clean pride: I acted from the self, not the audience.",dead_poets,lmb,image_vs_integrity
423,reward,9,initiation,"I learn that passion isn’t childish—it’s the engine of meaning.",dead_poets,spiritual,comfort_vs_truth
424,reward,9,initiation,"I see how one brave act spreads: courage becomes contagious in a room.",dead_poets,story,ego_vs_service
425,return,10,return,"I bring the lesson into the ordinary: speak the truth early, not at the breaking point.",dead_poets,lmb,comfort_vs_truth
426,return,10,return,"I stop outsourcing my life plan; I own the trade-offs and make the choice.",dead_poets,career,control_vs_autonomy
427,return,10,return,"I keep the art alive under routine: reading, training, writing—small daily seizing.",dead_poets,fitness,practice_vs_fantasy
428,integration,11,return,"I can feel the urge to conform and still choose my verse.",dead_poets,lmb,comfort_vs_truth
429,integration,11,return,"I hold grief without turning it into cynicism; meaning survives tragedy.",dead_poets,spiritual,certainty_vs_trust
430,elixir,12,return,"I leave a standard: don’t live as a proxy for others—build a life you can stand behind.",dead_poets,spiritual,image_vs_integrity
431,elixir,12,return,"I pass on a protocol: find the mentor, find the circle, take the small brave step today.",dead_poets,lmb,fear_vs_action
432,refusal,3,departure,"I’m ‘Strider’ because accepting the crown feels like accepting the burden of my bloodline.",aragorn,story,control_vs_autonomy
433,refusal,3,departure,"I downplay my gifts so I don’t have to risk leadership.",aragorn,lmb,fear_vs_action
434,refusal,3,departure,"I confuse humility with hiding; I call it virtue but it’s fear of responsibility.",aragorn,spiritual,image_vs_integrity
435,call,2,departure,"A higher calling appears: lead not for power, but for service.",aragorn,spiritual,ego_vs_service
436,call,2,departure,"I’m reminded: the heir is not the same as the failure who came before.",aragorn,story,projection_vs_ownership
437,call,2,departure,"The world needs a king; I feel the pull toward disciplined authority.",aragorn,lmb,ego_vs_discipline
438,threshold,5,departure,"I step forward in danger and become a signal of safety for those behind me.",aragorn,story,fear_vs_action
439,threshold,5,departure,"I choose action without ego—move first, explain later.",aragorn,lmb,ego_vs_discipline
440,threshold,5,departure,"I accept solitude as training rather than exile.",aragorn,spiritual,certainty_vs_trust
441,tests,6,initiation,"I stay calm when others panic; composure becomes a form of leadership.",aragorn,lmb,numbness_vs_presence
442,tests,6,initiation,"I take the hard road without dramatizing it; duty is quiet.",aragorn,spiritual,ego_vs_discipline
443,tests,6,initiation,"I refuse shortcuts that would corrupt the mission, even if they flatter my pride.",aragorn,spiritual,ego_vs_discipline
444,allies,6,initiation,"I earn trust through deeds; respect follows reliability.",aragorn,career,image_vs_integrity
445,allies,6,initiation,"I hold the fellowship together when it starts to fracture: unity is a discipline.",aragorn,story,ego_vs_service
446,allies,6,initiation,"I treat rivals with dignity; I don’t need dominance to lead.",aragorn,lmb,domination_vs_compassion
447,approach,7,initiation,"I take the mantle reluctantly but decisively; leadership becomes chosen, not inherited.",aragorn,spiritual,control_vs_autonomy
448,approach,7,initiation,"I tighten my inner standard: no reactive pride, no self-pity—only the next right move.",aragorn,lmb,ego_vs_discipline
449,approach,7,initiation,"I prepare for war by strengthening the bonds, not the image.",aragorn,career,image_vs_integrity
450,approach,7,initiation,"I keep my hands on the map: logistics, timing, and clear intent under pressure.",aragorn,career,chaos_vs_structure
451,ordeal,8,initiation,"I face the fear: ‘What if I become Isildur?’ and still choose the path.",aragorn,spiritual,fear_vs_action
452,ordeal,8,initiation,"I meet the temptation of power and refuse it; the ring is my shadow test.",aragorn,spiritual,domination_vs_compassion
453,ordeal,8,initiation,"I risk being misunderstood and lead anyway; approval is not the mission.",aragorn,lmb,image_vs_integrity
454,reward,9,initiation,"I feel a clean authority: strength without cruelty.",aragorn,lmb,domination_vs_compassion
455,reward,9,initiation,"Hope spreads because I hold the line; steadiness becomes contagious.",aragorn,story,ego_vs_service
456,reward,9,initiation,"I learn that true masculinity is ordered: protect, create, serve, love.",aragorn,spiritual,ego_vs_service
457,return,10,return,"I return to the city as the same man—just finally named.",aragorn,story,image_vs_integrity
458,return,10,return,"I stop avoiding the role and start embodying it daily: small duties, kept promises.",aragorn,lmb,ego_vs_discipline
459,return,10,return,"I lead in daylight with consistency; reputation becomes a byproduct, not a target.",aragorn,career,image_vs_integrity
460,integration,11,return,"I can feel grief, tenderness, and rage without losing my center.",aragorn,lmb,numbness_vs_presence
461,integration,11,return,"I balance solitude and brotherhood; inner mastery supports outer love.",aragorn,spiritual,certainty_vs_trust
462,integration,11,return,"I become ‘king’ without losing ‘ranger’: power stays grounded in humility.",aragorn,spiritual,domination_vs_compassion
463,elixir,12,return,"I leave a model: reluctant authority, fierce protection, gentle dignity.",aragorn,lmb,ego_vs_service
464,elixir,12,return,"I pass on the creed: be worthy of the crown before you ever wear it.",aragorn,spiritual,ego_vs_discipline
465,elixir,12,return,"I teach men to stop begging for status and start building character that others can feel.",aragorn,lmb,image_vs_integrity
466,allies,6,initiation,"I honor women without manipulation: love that wills the good of the other.",aragorn,dating,attachment_vs_love
467,tests,6,initiation,"I reject lust as leadership; desire is real but it doesn’t steer the mission.",aragorn,dating,attachment_vs_love
468,approach,7,initiation,"I choose the long love: sacrifice now so the other can flourish.",aragorn,dating,attachment_vs_love
469,return,10,return,"I keep romance clean—no triangulation, no ego games—only commitment and care.",aragorn,dating,attachment_vs_love
470,elixir,12,return,"I leave a dating standard: strength is calm boundaries plus reverence for the feminine.",aragorn,dating,attachment_vs_love
471,refusal,3,departure,"I sense the Force, but I keep trying to control it with my mind.",star_wars,lmb,control_vs_autonomy
472,refusal,3,departure,"I want power to feel safe, and I call it ‘justice.’",star_wars,spiritual,control_vs_autonomy
473,refusal,3,departure,"I mistake emotional suppression for peace.",star_wars,lmb,numbness_vs_presence
474,refusal,3,departure,"I trust the institution’s code more than the living signal in my body.",star_wars,career,structure_vs_freedom
475,refusal,3,departure,"I keep waiting for a master to ‘make me ready’ instead of training today.",star_wars,fitness,practice_vs_fantasy
476,call,2,departure,"A mentor-frame appears: power without compassion is a trap.",star_wars,spiritual,domination_vs_compassion
477,call,2,departure,"I notice fear underneath my love: I’m terrified of losing what I can’t control.",star_wars,lmb,attachment_vs_love
478,call,2,departure,"The question lands: am I seeking peace, or seeking control that feels like peace?",star_wars,spiritual,control_vs_autonomy
479,call,2,departure,"I see the pattern: when I rush, I lose presence.",star_wars,lmb,numbness_vs_presence
480,call,2,departure,"I realize the ‘dark side’ isn’t a monster; it’s my unowned fear wearing armor.",star_wars,spiritual,projection_vs_ownership
481,threshold,5,departure,"I accept training as humility: slow reps, patience, breath.",star_wars,fitness,practice_vs_fantasy
482,threshold,5,departure,"I stop chasing a dramatic breakthrough and commit to daily practice.",star_wars,lmb,practice_vs_fantasy
483,threshold,5,departure,"I enter the cave: I’m willing to meet what I’ve been avoiding.",star_wars,spiritual,comfort_vs_truth
484,threshold,5,departure,"I choose the hard truth: the enemy might be my own face behind the mask.",star_wars,lmb,projection_vs_ownership
485,tests,6,initiation,"I get impatient and notice it’s just ego trying to outrun discomfort.",star_wars,lmb,ego_vs_discipline
486,tests,6,initiation,"I practice being present: ‘never my mind on where I was’ becomes a daily drill.",star_wars,spiritual,numbness_vs_presence
487,tests,6,initiation,"I learn that calm first, then action—passivity becomes timing.",star_wars,lmb,fear_vs_action
488,tests,6,initiation,"I watch fear amplify in my chest and choose the next clean breath.",star_wars,lmb,fear_vs_action
489,tests,6,initiation,"I meet the temptation to strike first; I label it ‘the illusion of control.’",star_wars,spiritual,control_vs_autonomy
490,tests,6,initiation,"I notice how quickly love can turn into possession if I’m activated.",star_wars,dating,attachment_vs_love
491,tests,6,initiation,"I see how shame and rejection make me reach for authoritarian certainty.",star_wars,spiritual,certainty_vs_trust
492,tests,6,initiation,"I practice restraint: strength without restraint is just panic with a sword.",star_wars,lmb,ego_vs_discipline
493,allies,6,initiation,"A true mentor doesn’t feed my ego; he trains my patience.",star_wars,spiritual,mentorship_vs_dependence
494,allies,6,initiation,"I find the Qui-Gon archetype: intuition, compassion, and refusal to be owned by bureaucracy.",star_wars,story,structure_vs_freedom
495,allies,6,initiation,"I accept witnesses who reflect the real me back when rumors distort.",star_wars,lmb,projection_vs_ownership
496,allies,6,initiation,"I build a circle that values compassion over status.",star_wars,lmb,domination_vs_compassion
497,allies,6,initiation,"I let guidance land without needing to argue for my image.",star_wars,career,image_vs_integrity
498,approach,7,initiation,"I map the trap: the ‘triangle’—authority above, wounded father, tempted son.",star_wars,story,structure_vs_freedom
499,approach,7,initiation,"I prepare for the test by tightening my inner criteria: compassion first.",star_wars,spiritual,domination_vs_compassion
500,approach,7,initiation,"I stop confusing ‘order’ with ‘balance’—balance is living responsiveness.",star_wars,spiritual,control_vs_autonomy
501,approach,7,initiation,"I treat my nervous system like a Jedi temple: keep it clean or it turns political.",star_wars,lmb,chaos_vs_structure
502,approach,7,initiation,"I plan for chaos instead of trying to dominate it.",star_wars,career,control_vs_autonomy
503,approach,7,initiation,"I choose to lead myself through uncertainty rather than demand certainty.",star_wars,lmb,certainty_vs_trust
504,ordeal,8,initiation,"I feel rage rise, and I see how ‘righteous’ hate still burns the same.",star_wars,spiritual,domination_vs_compassion
505,ordeal,8,initiation,"I watch myself become what I’m fighting and I stop mid-swing.",star_wars,lmb,projection_vs_ownership
506,ordeal,8,initiation,"I face the attachment wound: fear of loss pretending to be love.",star_wars,lmb,attachment_vs_love
507,ordeal,8,initiation,"I confront the moment of execution—when I justify a line I can’t un-cross.",star_wars,spiritual,comfort_vs_truth
508,ordeal,8,initiation,"I feel the humiliation of not being ‘made master’ and notice the ego fracture.",star_wars,career,ego_vs_discipline
509,ordeal,8,initiation,"I see how institutions can weaponize ‘duty’ while quietly asking for deceit.",star_wars,career,structure_vs_freedom
510,ordeal,8,initiation,"I face the moral algebra: millions harmed, and yet the human behind the mask remains.",star_wars,spiritual,domination_vs_compassion
511,ordeal,8,initiation,"I feel the urge to kneel to the villain just to stop the inner conflict.",star_wars,lmb,fear_vs_action
512,reward,9,initiation,"I recognize the key insight: a Jedi’s true power is letting go.",star_wars,spiritual,control_vs_autonomy
513,reward,9,initiation,"I feel peace when I stop trying to force outcomes.",star_wars,spiritual,control_vs_autonomy
514,reward,9,initiation,"I learn the difference: passion consumes, compassion frees.",star_wars,spiritual,domination_vs_compassion
515,reward,9,initiation,"I see that the Force repeats the lesson until I finally learn it.",star_wars,lmb,practice_vs_fantasy
516,reward,9,initiation,"I notice my body relax when I choose mercy over domination.",star_wars,lmb,domination_vs_compassion
517,return,10,return,"I throw away the weapon: I refuse to win the wrong way.",star_wars,spiritual,domination_vs_compassion
518,return,10,return,"I stop trying to control perception; I focus on consistent deeds.",star_wars,lmb,image_vs_integrity
519,return,10,return,"I rebuild the ‘order’ from the inside: compassion as the operating system.",star_wars,career,domination_vs_compassion
520,return,10,return,"I lead with calm clarity; my presence becomes the proof.",star_wars,lmb,numbness_vs_presence
521,return,10,return,"I refuse the cycle: I won’t repeat my father’s mistake just to feel strong.",star_wars,story,projection_vs_ownership
522,integration,11,return,"I can feel fear of loss without turning it into possession.",star_wars,dating,attachment_vs_love
523,integration,11,return,"I hold grief without needing vengeance to justify it.",star_wars,spiritual,domination_vs_compassion
524,integration,11,return,"I accept that love is freedom, not control.",star_wars,spiritual,attachment_vs_love
525,integration,11,return,"I practice inner peace as a skill: patience, presence, and restraint.",star_wars,fitness,practice_vs_fantasy
526,integration,11,return,"I stop calling rigidity ‘discipline’—real discipline stays compassionate.",star_wars,lmb,ego_vs_discipline
527,elixir,12,return,"I bring back the creed: compassion is the highest form of strength.",star_wars,spiritual,domination_vs_compassion
528,elixir,12,return,"I pass on a warning: pride blinds institutions long before they collapse.",star_wars,career,ego_vs_discipline
529,elixir,12,return,"I leave a protocol: notice the fear, name the control-impulse, choose the merciful next move.",star_wars,lmb,fear_vs_action
530,elixir,12,return,"I teach the paradox: you win by refusing to become the thing you hate.",star_wars,spiritual,projection_vs_ownership
531,refusal,3,departure,"I decorate my life to look successful while my soul stays sleepless.",fight_club_revisited,lmb,image_vs_integrity
532,refusal,3,departure,"I buy identities off a catalogue and wonder why I feel empty.",fight_club_revisited,story,image_vs_integrity
533,refusal,3,departure,"I substitute meaning with status, likes, and aesthetics.",fight_club_revisited,lmb,image_vs_integrity
534,refusal,3,departure,"I process pain as spreadsheets and call it ‘professionalism.’",fight_club_revisited,career,numbness_vs_presence
535,refusal,3,departure,"I numb out to survive, then resent the numbness.",fight_club_revisited,lmb,numbness_vs_presence
536,call,2,departure,"Insomnia becomes a message: the false life can’t let me rest.",fight_club_revisited,spiritual,comfort_vs_truth
537,call,2,departure,"I go looking for real feeling and end up borrowing suffering.",fight_club_revisited,lmb,comfort_vs_truth
538,call,2,departure,"I realize the strongest addiction isn’t pleasure—it’s numbness.",fight_club_revisited,spiritual,numbness_vs_presence
539,call,2,departure,"A shadow-teacher appears: the part of me that refuses domestication.",fight_club_revisited,story,projection_vs_ownership
540,call,2,departure,"I hear the diagnosis: my great war is spiritual, not social.",fight_club_revisited,spiritual,comfort_vs_truth
541,threshold,5,departure,"I accept pain as a doorway back to presence—sensation over sedation.",fight_club_revisited,lmb,numbness_vs_presence
542,threshold,5,departure,"I let my constructed identity burn so something real can breathe.",fight_club_revisited,spiritual,image_vs_integrity
543,threshold,5,departure,"I stop asking what I should be and start meeting what I am.",fight_club_revisited,lmb,projection_vs_ownership
544,tests,6,initiation,"I confront the persona: the mask that makes a good impression while hiding the self.",fight_club_revisited,spiritual,image_vs_integrity
545,tests,6,initiation,"I notice how quickly ‘freedom’ can become another performance.",fight_club_revisited,lmb,image_vs_integrity
546,tests,6,initiation,"I learn the shadow doesn’t vanish when ignored—it grows denser.",fight_club_revisited,spiritual,projection_vs_ownership
547,tests,6,initiation,"I see my shadow traits as energy to integrate, not an enemy to exile.",fight_club_revisited,lmb,projection_vs_ownership
548,tests,6,initiation,"I watch belonging seduce men with empty vaults; hunger joins tribes.",fight_club_revisited,story,mentorship_vs_dependence
549,tests,6,initiation,"I notice how rules multiply when fear takes over a movement.",fight_club_revisited,career,structure_vs_freedom
550,allies,6,initiation,"A brotherhood forms: men seeking meaning in a world that numbed them.",fight_club_revisited,story,ego_vs_service
551,allies,6,initiation,"A mirror-woman appears: she exposes my fraud and wakes my feeling.",fight_club_revisited,dating,image_vs_integrity
552,allies,6,initiation,"I accept witnesses who see me without feeding my ego.",fight_club_revisited,lmb,mentorship_vs_dependence
553,approach,7,initiation,"I ask the real question: what am I willing to suffer for—and why?",fight_club_revisited,spiritual,ego_vs_discipline
554,approach,7,initiation,"I recognize initiation hunger: without rites, men invent them.",fight_club_revisited,story,practice_vs_fantasy
555,approach,7,initiation,"I plan to channel aggression into craft: lift, build, ship—don’t vandalize.",fight_club_revisited,career,practice_vs_fantasy
556,approach,7,initiation,"I tighten criteria: authenticity without destruction, freedom without cult.",fight_club_revisited,spiritual,structure_vs_freedom
557,ordeal,8,initiation,"I meet the split: the compliant worker vs the anarchist savior.",fight_club_revisited,story,projection_vs_ownership
558,ordeal,8,initiation,"I realize the shadow can colonize me if I worship it as ‘truth.’",fight_club_revisited,spiritual,projection_vs_ownership
559,ordeal,8,initiation,"I see radicalization: anger given structure becomes obedience.",fight_club_revisited,story,structure_vs_freedom
560,ordeal,8,initiation,"I face the cost: when a friend dies, ideology tries to turn him into a symbol.",fight_club_revisited,spiritual,image_vs_integrity
561,ordeal,8,initiation,"I watch ‘liberation’ become dehumanizing; the revolution mirrors the prison.",fight_club_revisited,spiritual,domination_vs_compassion
562,reward,9,initiation,"I learn shadow integration: dialogue, not domination.",fight_club_revisited,spiritual,domination_vs_compassion
563,reward,9,initiation,"I reclaim emotion without outsourcing it to a mask.",fight_club_revisited,lmb,numbness_vs_presence
564,reward,9,initiation,"I see projection clearly: what I externalize is usually mine.",fight_club_revisited,spiritual,projection_vs_ownership
565,return,10,return,"I stop using rage as identity and start using it as fuel for disciplined action.",fight_club_revisited,lmb,ego_vs_discipline
566,return,10,return,"I rebuild my life around real connection, not curated self-image.",fight_club_revisited,dating,image_vs_integrity
567,return,10,return,"I choose craft over chaos: systems that outlast moods.",fight_club_revisited,career,chaos_vs_structure
568,integration,11,return,"I can hold the shadow’s fire without letting it burn the house down.",fight_club_revisited,lmb,domination_vs_compassion
569,integration,11,return,"I accept wholeness: light and dark conscious, restrained, and directed.",fight_club_revisited,spiritual,domination_vs_compassion
570,elixir,12,return,"I leave a warning and a map: face the emptiness now, or it will become fate.",fight_club_revisited,spiritual,comfort_vs_truth
571,refusal,3,departure,"I believe I’m free, but I still choose what the system predicts.",matrix_architect,story,structure_vs_freedom
572,refusal,3,departure,"I mistake probability for destiny and call it fate.",matrix_architect,spiritual,certainty_vs_trust
573,refusal,3,departure,"I hide inside rational analysis so I don’t have to feel.",matrix_architect,lmb,numbness_vs_presence
574,call,2,departure,"The Architect reveals the pattern: even rebellion can be engineered.",matrix_architect,story,structure_vs_freedom
575,call,2,departure,"I see that control often disguises itself as order.",matrix_architect,career,control_vs_autonomy
576,call,2,departure,"The question lands: will I choose love over systemic efficiency?",matrix_architect,spiritual,attachment_vs_love
577,threshold,5,departure,"I reject the calculated path and follow the human one instead.",matrix_architect,lmb,control_vs_autonomy
578,threshold,5,departure,"I choose the anomaly—care over compliance.",matrix_architect,spiritual,domination_vs_compassion
579,tests,6,initiation,"I learn that systems adapt to resistance; freedom requires awareness of structure.",matrix_architect,career,structure_vs_freedom
580,tests,6,initiation,"I confront the illusion of choice when all options serve the same master.",matrix_architect,story,structure_vs_freedom
581,tests,6,initiation,"I notice how institutions preserve themselves before they preserve truth.",matrix_architect,career,structure_vs_freedom
582,approach,7,initiation,"I prepare to act without guarantees; uncertainty becomes the proving ground.",matrix_architect,lmb,certainty_vs_trust
583,ordeal,8,initiation,"I face the choice between saving the many or honoring the one I love.",matrix_architect,spiritual,attachment_vs_love
584,reward,9,initiation,"I learn that authentic choice disrupts even perfect equations.",matrix_architect,story,control_vs_autonomy
585,return,10,return,"I bring back the insight: systems are powerful, but they are not ultimate.",matrix_architect,spiritual,structure_vs_freedom
586,integration,11,return,"I hold logic and compassion together without collapsing into either.",matrix_architect,lmb,domination_vs_compassion
587,elixir,12,return,"I teach the lesson: awareness of structure is the first step toward freedom.",matrix_architect,career,structure_vs_freedom
588,refusal,3,departure,"I wait for prophecy instead of acting from conscience.",matrix_oracle,story,certainty_vs_trust
589,call,2,departure,"The Oracle reminds me: you already made the choice; now understand it.",matrix_oracle,spiritual,control_vs_autonomy
590,call,2,departure,"I see that insight is not prediction—it’s clarity about my nature.",matrix_oracle,lmb,control_vs_autonomy
591,threshold,5,departure,"I step into responsibility for the decision I pretend hasn’t happened yet.",matrix_oracle,spiritual,control_vs_autonomy
592,tests,6,initiation,"I notice how belief shapes behavior long before evidence appears.",matrix_oracle,story,certainty_vs_trust
593,tests,6,initiation,"I confront my need for certainty and practice trust instead.",matrix_oracle,spiritual,certainty_vs_trust
594,allies,6,initiation,"A guide offers cookies, not commandments; wisdom arrives gently.",matrix_oracle,story,mentorship_vs_dependence
595,approach,7,initiation,"I prepare by knowing myself rather than predicting outcomes.",matrix_oracle,lmb,control_vs_autonomy
596,ordeal,8,initiation,"I face the cost of believing I am powerless.",matrix_oracle,spiritual,control_vs_autonomy
597,reward,9,initiation,"I recognize that freedom begins with self-knowledge.",matrix_oracle,lmb,control_vs_autonomy
598,return,10,return,"I act with calm certainty; I don’t need to announce my destiny.",matrix_oracle,spiritual,certainty_vs_trust
599,integration,11,return,"I hold paradox: fate and free will dance in the same room.",matrix_oracle,spiritual,certainty_vs_trust
600,elixir,12,return,"I pass on the teaching: know thyself before you try to change the world.",matrix_oracle,spiritual,ego_vs_service
601,refusal,3,departure,"I see the world as hostile code and decide domination is safety.",agent_smith,story,domination_vs_compassion
602,call,2,departure,"Smith names humanity a virus; I confront my own contempt.",agent_smith,spiritual,domination_vs_compassion
603,threshold,5,departure,"I feel the temptation to reduce people to problems.",agent_smith,lmb,domination_vs_compassion
604,tests,6,initiation,"I notice how hatred simplifies complexity into targets.",agent_smith,spiritual,domination_vs_compassion
605,tests,6,initiation,"I see how resentment multiplies like self-replicating code.",agent_smith,story,domination_vs_compassion
606,approach,7,initiation,"I prepare to face the part of me that wants annihilation over dialogue.",agent_smith,lmb,domination_vs_compassion
607,ordeal,8,initiation,"I meet the mirror: the enemy is my unintegrated will to control.",agent_smith,spiritual,control_vs_autonomy
608,reward,9,initiation,"I learn that surrender to truth dissolves the need to dominate.",agent_smith,spiritual,domination_vs_compassion
609,return,10,return,"I stop fighting shadows externally and integrate them internally.",agent_smith,lmb,projection_vs_ownership
610,integration,11,return,"I hold power without contempt; strength without dehumanization.",agent_smith,spiritual,domination_vs_compassion
611,elixir,12,return,"I bring back a warning: what you hate most can become what you become.",agent_smith,spiritual,projection_vs_ownership
612,return,10,return,"I see the sky change color; the world is still structured, but now I can move within it.",matrix_ending,story,structure_vs_freedom
613,integration,11,return,"I fly not as escape, but as symbol: consciousness untethered from fear.",matrix_ending,spiritual,fear_vs_action
614,elixir,12,return,"I leave a promise: the system can be transformed from the inside when enough minds awaken.",matrix_ending,spiritual,ego_vs_service
615,threshold,5,departure,"Awakening begins with discomfort.",matrix_atoms,spiritual,comfort_vs_truth
616,threshold,5,departure,"Pain is proof the illusion is cracking.",matrix_atoms,spiritual,comfort_vs_truth
617,tests,6,initiation,"Comfort can be a control mechanism.",matrix_atoms,lmb,control_vs_autonomy
618,tests,6,initiation,"Reassurance can delay autonomy.",matrix_atoms,lmb,certainty_vs_trust
619,tests,6,initiation,"Guidance and manipulation can feel identical.",matrix_atoms,spiritual,mentorship_vs_dependence
620,tests,6,initiation,"Access is not freedom.",matrix_atoms,career,structure_vs_freedom
621,tests,6,initiation,"Causality can masquerade as inevitability.",matrix_atoms,spiritual,certainty_vs_trust
622,tests,6,initiation,"Participation sustains the system.",matrix_atoms,career,structure_vs_freedom
623,tests,6,initiation,"Labels classify but do not connect.",matrix_atoms,lmb,image_vs_integrity
624,tests,6,initiation,"Identity can be assigned before it is chosen.",matrix_atoms,lmb,image_vs_integrity
625,tests,6,initiation,"Belief shapes perception before evidence appears.",matrix_atoms,spiritual,certainty_vs_trust
626,approach,7,initiation,"True choice disrupts prediction.",matrix_atoms,story,control_vs_autonomy
627,approach,7,initiation,"Freedom requires structural awareness.",matrix_atoms,career,structure_vs_freedom
628,approach,7,initiation,"Autonomy begins with self-knowledge.",matrix_atoms,spiritual,control_vs_autonomy
629,approach,7,initiation,"Systems preserve themselves first.",matrix_atoms,career,structure_vs_freedom
630,ordeal,8,initiation,"Hatred simplifies complexity into targets.",matrix_atoms,spiritual,domination_vs_compassion
631,ordeal,8,initiation,"Control is fear seeking certainty.",matrix_atoms,lmb,certainty_vs_trust
632,ordeal,8,initiation,"Attachment can masquerade as love.",matrix_atoms,dating,attachment_vs_love
633,ordeal,8,initiation,"Rebellion without awareness becomes obedience.",matrix_atoms,story,structure_vs_freedom
634,ordeal,8,initiation,"Domination is insecurity wearing armor.",matrix_atoms,spiritual,domination_vs_compassion
635,reward,9,initiation,"Compassion interrupts control.",matrix_atoms,spiritual,domination_vs_compassion
636,reward,9,initiation,"Restraint is strength under tension.",matrix_atoms,lmb,ego_vs_discipline
637,reward,9,initiation,"Presence dissolves panic.",matrix_atoms,lmb,numbness_vs_presence
638,reward,9,initiation,"Clarity weakens manipulation.",matrix_atoms,spiritual,projection_vs_ownership
639,return,10,return,"Freedom is independence from reassurance.",matrix_atoms,spiritual,certainty_vs_trust
640,return,10,return,"Maturity is choice without comfort.",matrix_atoms,lmb,comfort_vs_truth
641,return,10,return,"Structure is navigated, not worshipped.",matrix_atoms,career,structure_vs_freedom
642,integration,11,return,"Power without contempt is integration.",matrix_atoms,spiritual,domination_vs_compassion
643,integration,11,return,"You can live inside a system without being owned by it.",matrix_atoms,lmb,structure_vs_freedom
644,integration,11,return,"Inner stability reduces outer control.",matrix_atoms,lmb,control_vs_autonomy
645,elixir,12,return,"Notice the fear, choose the clean next move.",matrix_atoms,lmb,fear_vs_action
646,elixir,12,return,"Awareness precedes liberation.",matrix_atoms,spiritual,control_vs_autonomy
647,elixir,12,return,"The anomaly is compassion under pressure.",matrix_atoms,story,domination_vs_compassion
648,elixir,12,return,"Transformation begins internally, not structurally.",matrix_atoms,spiritual,control_vs_autonomy
649,refusal,3,departure,"Comfort is a cage.",cross_atoms,spiritual,comfort_vs_truth
650,refusal,3,departure,"Numbness is protection.",cross_atoms,lmb,numbness_vs_presence
651,refusal,3,departure,"Planning hides fear.",cross_atoms,career,fear_vs_action
652,call,2,departure,"Truth arrives with a cost.",cross_atoms,spiritual,comfort_vs_truth
653,call,2,departure,"The body signals first.",cross_atoms,lmb,numbness_vs_presence
654,call,2,departure,"The loop is a lesson.",cross_atoms,story,practice_vs_fantasy
655,threshold,5,departure,"Imperfect action opens doors.",cross_atoms,career,fear_vs_action
656,threshold,5,departure,"Choose truth over ease.",cross_atoms,spiritual,comfort_vs_truth
657,threshold,5,departure,"Discomfort is the entry fee.",cross_atoms,lmb,comfort_vs_truth
658,tests,6,initiation,"Systems resist change.",cross_atoms,career,structure_vs_freedom
659,tests,6,initiation,"Resistance is data.",cross_atoms,career,practice_vs_fantasy
660,tests,6,initiation,"Practice beats insight.",cross_atoms,fitness,practice_vs_fantasy
661,tests,6,initiation,"Presence beats tactics.",cross_atoms,dating,numbness_vs_presence
662,tests,6,initiation,"Belief shapes behavior.",cross_atoms,spiritual,certainty_vs_trust
663,tests,6,initiation,"Projection creates enemies.",cross_atoms,spiritual,projection_vs_ownership
664,tests,6,initiation,"Mentors train restraint.",cross_atoms,spiritual,mentorship_vs_dependence
665,tests,6,initiation,"Community raises standards.",cross_atoms,career,ego_vs_service
666,allies,6,initiation,"A witness anchors reality.",cross_atoms,lmb,projection_vs_ownership
667,allies,6,initiation,"Brotherhood builds courage.",cross_atoms,story,ego_vs_service
668,allies,6,initiation,"Love reveals the mask.",cross_atoms,dating,image_vs_integrity
669,allies,6,initiation,"Guidance without ownership.",cross_atoms,spiritual,mentorship_vs_dependence
670,approach,7,initiation,"Define done.",cross_atoms,career,chaos_vs_structure
671,approach,7,initiation,"Tighten inner criteria.",cross_atoms,lmb,image_vs_integrity
672,approach,7,initiation,"Structure reduces chaos.",cross_atoms,career,chaos_vs_structure
673,approach,7,initiation,"Prepare without guarantees.",cross_atoms,spiritual,certainty_vs_trust
674,ordeal,8,initiation,"Attachment seeks control.",cross_atoms,dating,attachment_vs_love
675,ordeal,8,initiation,"Control is fear.",cross_atoms,lmb,control_vs_autonomy
676,ordeal,8,initiation,"Ego wants shortcuts.",cross_atoms,lmb,practice_vs_fantasy
677,ordeal,8,initiation,"Institutions weaponize duty.",cross_atoms,career,structure_vs_freedom
678,ordeal,8,initiation,"Rebellion can be engineered.",cross_atoms,story,structure_vs_freedom
679,ordeal,8,initiation,"Hatred dehumanizes.",cross_atoms,spiritual,domination_vs_compassion
680,reward,9,initiation,"Restraint is strength.",cross_atoms,lmb,ego_vs_discipline
681,reward,9,initiation,"Mercy interrupts violence.",cross_atoms,spiritual,domination_vs_compassion
682,reward,9,initiation,"Clarity breaks spells.",cross_atoms,spiritual,projection_vs_ownership
683,return,10,return,"Consistency beats intensity.",cross_atoms,fitness,intensity_vs_consistency
684,return,10,return,"Deeds outrank image.",cross_atoms,career,image_vs_integrity
685,integration,11,return,"Hold paradox calmly.",cross_atoms,spiritual,certainty_vs_trust
686,integration,11,return,"Feel fear without obeying it.",cross_atoms,lmb,fear_vs_action
687,elixir,12,return,"Choose the clean next move.",cross_atoms,lmb,fear_vs_action
688,elixir,12,return,"Teach what you practiced.",cross_atoms,career,practice_vs_fantasy